{"R2": 0.9981413472793463, "MAE": 4.487999721690723, "RMSE": 7.258388280190207}